period,origin_code,origin,destination_code,destination,people,male,female,age_0_14,age_0_14_male,age_0_14_female,age_15_24,age_15_24_male,age_15_24_female,age_25_39,age_25_39_male,age_25_39_female,age_40_54,age_40_54_male,age_40_54_female,age_55_64,age_55_64_male,age_55_64_female,age_65_plus,age_65_plus_male,age_65_plus_female,level,source_status,source_endpoint
202605,1100000000,서울특별시,1100000000,서울특별시,63987,30558,33429,4828,2444,2384,5632,2475,3157,27179,12995,14184,12784,6372,6412,6592,3259,3333,6972,3013,3959,sido,official_mois,ppltnDataStus/selectPpltnDataStus
202605,1100000000,서울특별시,2600000000,부산광역시,913,449,464,18,4,14,141,68,73,484,257,227,131,72,59,70,26,44,69,22,47,sido,official_mois,ppltnDataStus/selectPpltnDataStus
202605,1100000000,서울특별시,2700000000,대구광역시,681,331,350,29,18,11,115,44,71,326,174,152,102,57,45,47,22,25,62,16,46,sido,official_mois,ppltnDataStus/selectPpltnDataStus
202605,1100000000,서울특별시,2800000000,인천광역시,3401,1699,1702,170,85,85,354,163,191,1533,765,768,609,319,290,340,200,140,395,167,228,sido,official_mois,ppltnDataStus/selectPpltnDataStus
202605,1100000000,서울특별시,2900000000,광주광역시,553,278,275,18,12,6,95,47,48,263,133,130,72,40,32,48,23,25,57,23,34,sido,official_mois,ppltnDataStus/selectPpltnDataStus
202605,1100000000,서울특별시,3000000000,대전광역시,828,452,376,29,17,12,185,98,87,413,235,178,110,58,52,48,27,21,43,17,26,sido,official_mois,ppltnDataStus/selectPpltnDataStus
202605,1100000000,서울특별시,3100000000,울산광역시,282,155,127,11,8,3,47,25,22,136,71,65,44,24,20,28,18,10,16,9,7,sido,official_mois,ppltnDataStus/selectPpltnDataStus
202605,1100000000,서울특별시,3600000000,세종특별자치시,296,144,152,16,7,9,53,25,28,126,54,72,48,27,21,31,20,11,22,11,11,sido,official_mois,ppltnDataStus/selectPpltnDataStus
202605,1100000000,서울특별시,4100000000,경기도,22229,10941,11288,1319,671,648,1957,872,1085,9485,4742,4743,4112,2202,1910,2506,1250,1256,2850,1204,1646,sido,official_mois,ppltnDataStus/selectPpltnDataStus
202605,1100000000,서울특별시,4300000000,충청북도,930,469,461,33,17,16,157,72,85,401,199,202,115,68,47,107,64,43,117,49,68,sido,official_mois,ppltnDataStus/selectPpltnDataStus
202605,1100000000,서울특별시,4400000000,충청남도,1418,722,696,52,27,25,221,102,119,529,282,247,260,146,114,161,76,85,195,89,106,sido,official_mois,ppltnDataStus/selectPpltnDataStus
202605,1100000000,서울특별시,4600000000,전라남도,659,342,317,19,10,9,92,43,49,246,122,124,110,62,48,89,58,31,103,47,56,sido,official_mois,ppltnDataStus/selectPpltnDataStus
202605,1100000000,서울특별시,4700000000,경상북도,940,488,452,38,18,20,161,86,75,387,200,187,135,85,50,100,47,53,119,52,67,sido,official_mois,ppltnDataStus/selectPpltnDataStus
202605,1100000000,서울특별시,4800000000,경상남도,846,420,426,34,18,16,144,62,82,412,215,197,105,52,53,83,45,38,68,28,40,sido,official_mois,ppltnDataStus/selectPpltnDataStus
202605,1100000000,서울특별시,5000000000,제주특별자치도,534,271,263,35,18,17,78,35,43,206,103,103,113,60,53,65,37,28,37,18,19,sido,official_mois,ppltnDataStus/selectPpltnDataStus
202605,1100000000,서울특별시,5100000000,강원특별자치도,1225,638,587,32,20,12,249,123,126,444,243,201,211,101,110,141,80,61,148,71,77,sido,official_mois,ppltnDataStus/selectPpltnDataStus
202605,1100000000,서울특별시,5200000000,전북특별자치도,715,378,337,28,8,20,90,46,44,256,139,117,119,69,50,106,60,46,116,56,60,sido,official_mois,ppltnDataStus/selectPpltnDataStus
202605,2600000000,부산광역시,1100000000,서울특별시,1194,568,626,24,10,14,267,86,181,638,329,309,120,80,40,64,30,34,81,33,48,sido,official_mois,ppltnDataStus/selectPpltnDataStus
202605,2600000000,부산광역시,2600000000,부산광역시,19390,9484,9906,1478,737,741,1978,913,1065,7219,3644,3575,3846,1964,1882,2360,1135,1225,2509,1091,1418,sido,official_mois,ppltnDataStus/selectPpltnDataStus
202605,2600000000,부산광역시,2700000000,대구광역시,381,186,195,19,6,13,106,45,61,165,93,72,41,19,22,26,13,13,24,10,14,sido,official_mois,ppltnDataStus/selectPpltnDataStus
202605,2600000000,부산광역시,2800000000,인천광역시,239,127,112,6,1,5,40,22,18,109,57,52,47,30,17,17,9,8,20,8,12,sido,official_mois,ppltnDataStus/selectPpltnDataStus
202605,2600000000,부산광역시,2900000000,광주광역시,84,53,31,0,0,0,19,11,8,41,24,17,11,11,0,8,5,3,5,2,3,sido,official_mois,ppltnDataStus/selectPpltnDataStus
202605,2600000000,부산광역시,3000000000,대전광역시,160,88,72,7,6,1,35,16,19,78,42,36,24,13,11,10,8,2,6,3,3,sido,official_mois,ppltnDataStus/selectPpltnDataStus
202605,2600000000,부산광역시,3100000000,울산광역시,636,378,258,25,17,8,115,58,57,282,169,113,104,68,36,51,36,15,59,30,29,sido,official_mois,ppltnDataStus/selectPpltnDataStus
202605,2600000000,부산광역시,3600000000,세종특별자치시,47,23,24,2,1,1,12,6,6,15,9,6,8,4,4,6,1,5,4,2,2,sido,official_mois,ppltnDataStus/selectPpltnDataStus
202605,2600000000,부산광역시,4100000000,경기도,1095,608,487,36,19,17,202,97,105,491,290,201,177,114,63,93,55,38,96,33,63,sido,official_mois,ppltnDataStus/selectPpltnDataStus
202605,2600000000,부산광역시,4300000000,충청북도,171,97,74,0,0,0,35,18,17,76,45,31,31,20,11,17,7,10,12,7,5,sido,official_mois,ppltnDataStus/selectPpltnDataStus
202605,2600000000,부산광역시,4400000000,충청남도,182,104,78,9,5,4,32,17,15,78,48,30,27,13,14,20,13,7,16,8,8,sido,official_mois,ppltnDataStus/selectPpltnDataStus
202605,2600000000,부산광역시,4600000000,전라남도,164,104,60,2,1,1,21,14,7,51,32,19,36,25,11,31,17,14,23,15,8,sido,official_mois,ppltnDataStus/selectPpltnDataStus
202605,2600000000,부산광역시,4700000000,경상북도,583,327,256,13,10,3,108,52,56,237,142,95,93,51,42,67,37,30,65,35,30,sido,official_mois,ppltnDataStus/selectPpltnDataStus
202605,2600000000,부산광역시,4800000000,경상남도,2965,1612,1353,146,72,74,459,225,234,1109,638,471,511,285,226,358,207,151,382,185,197,sido,official_mois,ppltnDataStus/selectPpltnDataStus
202605,2600000000,부산광역시,5000000000,제주특별자치도,171,83,88,8,2,6,35,16,19,62,33,29,34,20,14,15,5,10,17,7,10,sido,official_mois,ppltnDataStus/selectPpltnDataStus
202605,2600000000,부산광역시,5100000000,강원특별자치도,108,56,52,1,1,0,18,5,13,49,33,16,17,8,9,15,7,8,8,2,6,sido,official_mois,ppltnDataStus/selectPpltnDataStus
202605,2600000000,부산광역시,5200000000,전북특별자치도,102,62,40,1,0,1,25,14,11,38,26,12,19,13,6,3,1,2,16,8,8,sido,official_mois,ppltnDataStus/selectPpltnDataStus
202605,2700000000,대구광역시,1100000000,서울특별시,938,452,486,20,12,8,270,101,169,455,245,210,95,44,51,50,28,22,48,22,26,sido,official_mois,ppltnDataStus/selectPpltnDataStus
202605,2700000000,대구광역시,2600000000,부산광역시,381,207,174,16,5,11,86,48,38,186,103,83,44,26,18,29,15,14,20,10,10,sido,official_mois,ppltnDataStus/selectPpltnDataStus
202605,2700000000,대구광역시,2700000000,대구광역시,15618,7681,7937,1497,774,723,1665,726,939,5616,2890,2726,3246,1619,1627,1869,960,909,1725,712,1013,sido,official_mois,ppltnDataStus/selectPpltnDataStus
202605,2700000000,대구광역시,2800000000,인천광역시,149,78,71,9,4,5,33,15,18,69,39,30,22,13,9,7,4,3,9,3,6,sido,official_mois,ppltnDataStus/selectPpltnDataStus
202605,2700000000,대구광역시,2900000000,광주광역시,57,32,25,6,4,2,14,7,7,21,11,10,11,9,2,2,1,1,3,0,3,sido,official_mois,ppltnDataStus/selectPpltnDataStus
202605,2700000000,대구광역시,3000000000,대전광역시,190,105,85,7,2,5,46,26,20,101,60,41,15,7,8,12,8,4,9,2,7,sido,official_mois,ppltnDataStus/selectPpltnDataStus
202605,2700000000,대구광역시,3100000000,울산광역시,202,118,84,3,0,3,42,24,18,114,69,45,19,12,7,12,9,3,12,4,8,sido,official_mois,ppltnDataStus/selectPpltnDataStus
202605,2700000000,대구광역시,3600000000,세종특별자치시,46,24,22,6,2,4,8,5,3,18,11,7,10,4,6,3,1,2,1,1,0,sido,official_mois,ppltnDataStus/selectPpltnDataStus
202605,2700000000,대구광역시,4100000000,경기도,863,498,365,28,17,11,177,87,90,429,260,169,122,82,40,53,29,24,54,23,31,sido,official_mois,ppltnDataStus/selectPpltnDataStus
202605,2700000000,대구광역시,4300000000,충청북도,199,116,83,3,2,1,45,26,19,109,62,47,22,15,7,13,9,4,7,2,5,sido,official_mois,ppltnDataStus/selectPpltnDataStus
202605,2700000000,대구광역시,4400000000,충청남도,211,132,79,7,4,3,54,35,19,98,64,34,34,19,15,11,7,4,7,3,4,sido,official_mois,ppltnDataStus/selectPpltnDataStus
202605,2700000000,대구광역시,4600000000,전라남도,59,32,27,6,2,4,8,4,4,22,12,10,13,8,5,7,5,2,3,1,2,sido,official_mois,ppltnDataStus/selectPpltnDataStus
202605,2700000000,대구광역시,4700000000,경상북도,2514,1355,1159,91,53,38,448,198,250,967,567,400,399,233,166,321,179,142,288,125,163,sido,official_mois,ppltnDataStus/selectPpltnDataStus
202605,2700000000,대구광역시,4800000000,경상남도,542,284,258,23,11,12,87,44,43,224,114,110,92,53,39,63,35,28,53,27,26,sido,official_mois,ppltnDataStus/selectPpltnDataStus
202605,2700000000,대구광역시,5000000000,제주특별자치도,79,35,44,3,2,1,17,8,9,29,12,17,17,8,9,11,4,7,2,1,1,sido,official_mois,ppltnDataStus/selectPpltnDataStus
202605,2700000000,대구광역시,5100000000,강원특별자치도,117,67,50,6,1,5,25,15,10,53,38,15,20,8,12,7,3,4,6,2,4,sido,official_mois,ppltnDataStus/selectPpltnDataStus
202605,2700000000,대구광역시,5200000000,전북특별자치도,72,43,29,2,1,1,19,7,12,34,26,8,9,5,4,5,3,2,3,1,2,sido,official_mois,ppltnDataStus/selectPpltnDataStus
202605,2800000000,인천광역시,1100000000,서울특별시,2642,1299,1343,112,49,63,411,144,267,1348,689,659,395,229,166,195,100,95,181,88,93,sido,official_mois,ppltnDataStus/selectPpltnDataStus
202605,2800000000,인천광역시,2600000000,부산광역시,180,91,89,4,2,2,35,13,22,82,51,31,28,14,14,16,8,8,15,3,12,sido,official_mois,ppltnDataStus/selectPpltnDataStus
202605,2800000000,인천광역시,2700000000,대구광역시,130,77,53,7,4,3,30,14,16,59,34,25,20,15,5,8,5,3,6,5,1,sido,official_mois,ppltnDataStus/selectPpltnDataStus
202605,2800000000,인천광역시,2800000000,인천광역시,17139,8738,8401,1576,855,721,1576,750,826,5991,3131,2860,3687,1946,1741,2192,1118,1074,2117,938,1179,sido,official_mois,ppltnDataStus/selectPpltnDataStus
202605,2800000000,인천광역시,2900000000,광주광역시,117,78,39,4,2,2,29,19,10,49,34,15,18,12,6,9,5,4,8,6,2,sido,official_mois,ppltnDataStus/selectPpltnDataStus
202605,2800000000,인천광역시,3000000000,대전광역시,212,115,97,6,3,3,70,36,34,91,55,36,22,9,13,16,9,7,7,3,4,sido,official_mois,ppltnDataStus/selectPpltnDataStus
202605,2800000000,인천광역시,3100000000,울산광역시,64,37,27,0,0,0,7,3,4,38,23,15,7,5,2,5,2,3,7,4,3,sido,official_mois,ppltnDataStus/selectPpltnDataStus
202605,2800000000,인천광역시,3600000000,세종특별자치시,74,45,29,2,1,1,21,12,9,23,15,8,12,8,4,7,6,1,9,3,6,sido,official_mois,ppltnDataStus/selectPpltnDataStus
202605,2800000000,인천광역시,4100000000,경기도,4518,2422,2096,280,151,129,485,215,270,1982,1097,885,849,492,357,476,275,201,446,192,254,sido,official_mois,ppltnDataStus/selectPpltnDataStus
202605,2800000000,인천광역시,4300000000,충청북도,270,151,119,5,4,1,79,37,42,90,56,34,31,20,11,35,22,13,30,12,18,sido,official_mois,ppltnDataStus/selectPpltnDataStus
202605,2800000000,인천광역시,4400000000,충청남도,620,373,247,25,13,12,131,67,64,214,134,80,98,63,35,92,64,28,60,32,28,sido,official_mois,ppltnDataStus/selectPpltnDataStus
202605,2800000000,인천광역시,4600000000,전라남도,188,114,74,5,2,3,25,14,11,56,37,19,35,23,12,36,22,14,31,16,15,sido,official_mois,ppltnDataStus/selectPpltnDataStus
202605,2800000000,인천광역시,4700000000,경상북도,309,184,125,18,10,8,64,36,28,114,73,41,45,30,15,40,24,16,28,11,17,sido,official_mois,ppltnDataStus/selectPpltnDataStus
202605,2800000000,인천광역시,4800000000,경상남도,200,109,91,6,2,4,34,24,10,81,47,34,31,17,14,17,8,9,31,11,20,sido,official_mois,ppltnDataStus/selectPpltnDataStus
202605,2800000000,인천광역시,5000000000,제주특별자치도,142,70,72,7,4,3,25,10,15,53,23,30,26,15,11,19,13,6,12,5,7,sido,official_mois,ppltnDataStus/selectPpltnDataStus
202605,2800000000,인천광역시,5100000000,강원특별자치도,380,213,167,13,9,4,93,46,47,114,67,47,70,41,29,48,28,20,42,22,20,sido,official_mois,ppltnDataStus/selectPpltnDataStus
202605,2800000000,인천광역시,5200000000,전북특별자치도,250,143,107,11,6,5,52,22,30,85,57,28,44,26,18,21,12,9,37,20,17,sido,official_mois,ppltnDataStus/selectPpltnDataStus
202605,2900000000,광주광역시,1100000000,서울특별시,664,321,343,13,5,8,191,83,108,333,171,162,51,30,21,28,10,18,48,22,26,sido,official_mois,ppltnDataStus/selectPpltnDataStus
202605,2900000000,광주광역시,2600000000,부산광역시,105,52,53,3,1,2,38,14,24,47,28,19,9,3,6,6,4,2,2,2,0,sido,official_mois,ppltnDataStus/selectPpltnDataStus
202605,2900000000,광주광역시,2700000000,대구광역시,37,22,15,0,0,0,8,4,4,18,13,5,5,2,3,4,2,2,2,1,1,sido,official_mois,ppltnDataStus/selectPpltnDataStus
202605,2900000000,광주광역시,2800000000,인천광역시,152,82,70,8,2,6,32,16,16,71,40,31,16,9,7,15,11,4,10,4,6,sido,official_mois,ppltnDataStus/selectPpltnDataStus
202605,2900000000,광주광역시,2900000000,광주광역시,9549,4746,4803,1061,539,522,1033,471,562,3464,1749,1715,1999,1049,950,1057,520,537,935,418,517,sido,official_mois,ppltnDataStus/selectPpltnDataStus
202605,2900000000,광주광역시,3000000000,대전광역시,136,76,60,7,1,6,40,20,20,61,37,24,17,12,5,7,4,3,4,2,2,sido,official_mois,ppltnDataStus/selectPpltnDataStus
202605,2900000000,광주광역시,3100000000,울산광역시,28,19,9,0,0,0,7,3,4,12,8,4,4,4,0,3,3,0,2,1,1,sido,official_mois,ppltnDataStus/selectPpltnDataStus
202605,2900000000,광주광역시,3600000000,세종특별자치시,31,19,12,0,0,0,8,5,3,14,8,6,1,1,0,3,2,1,5,3,2,sido,official_mois,ppltnDataStus/selectPpltnDataStus
202605,2900000000,광주광역시,4100000000,경기도,640,346,294,23,8,15,119,56,63,314,189,125,84,44,40,56,32,24,44,17,27,sido,official_mois,ppltnDataStus/selectPpltnDataStus
202605,2900000000,광주광역시,4300000000,충청북도,103,59,44,2,2,0,29,14,15,50,33,17,13,7,6,6,2,4,3,1,2,sido,official_mois,ppltnDataStus/selectPpltnDataStus
202605,2900000000,광주광역시,4400000000,충청남도,164,85,79,8,3,5,32,14,18,74,41,33,28,18,10,14,6,8,8,3,5,sido,official_mois,ppltnDataStus/selectPpltnDataStus
202605,2900000000,광주광역시,4600000000,전라남도,1947,1003,944,89,42,47,222,117,105,668,336,332,400,211,189,336,190,146,232,107,125,sido,official_mois,ppltnDataStus/selectPpltnDataStus
202605,2900000000,광주광역시,4700000000,경상북도,68,43,25,0,0,0,15,7,8,42,27,15,5,4,1,3,3,0,3,2,1,sido,official_mois,ppltnDataStus/selectPpltnDataStus
202605,2900000000,광주광역시,4800000000,경상남도,71,48,23,0,0,0,15,12,3,29,18,11,17,11,6,6,5,1,4,2,2,sido,official_mois,ppltnDataStus/selectPpltnDataStus
202605,2900000000,광주광역시,5000000000,제주특별자치도,66,40,26,4,3,1,8,3,5,25,18,7,16,7,9,9,6,3,4,3,1,sido,official_mois,ppltnDataStus/selectPpltnDataStus
202605,2900000000,광주광역시,5100000000,강원특별자치도,57,26,31,2,1,1,8,4,4,34,15,19,7,2,5,3,3,0,3,1,2,sido,official_mois,ppltnDataStus/selectPpltnDataStus
202605,2900000000,광주광역시,5200000000,전북특별자치도,386,214,172,8,5,3,110,56,54,148,87,61,52,33,19,39,21,18,29,12,17,sido,official_mois,ppltnDataStus/selectPpltnDataStus
202605,3000000000,대전광역시,1100000000,서울특별시,944,472,472,26,11,15,227,89,138,484,266,218,105,57,48,51,28,23,51,21,30,sido,official_mois,ppltnDataStus/selectPpltnDataStus
202605,3000000000,대전광역시,2600000000,부산광역시,148,75,73,6,4,2,30,17,13,66,36,30,21,11,10,8,0,8,17,7,10,sido,official_mois,ppltnDataStus/selectPpltnDataStus
202605,3000000000,대전광역시,2700000000,대구광역시,156,84,72,10,6,4,25,12,13,85,49,36,17,9,8,11,5,6,8,3,5,sido,official_mois,ppltnDataStus/selectPpltnDataStus
202605,3000000000,대전광역시,2800000000,인천광역시,194,117,77,8,4,4,40,20,20,93,58,35,23,16,7,16,9,7,14,10,4,sido,official_mois,ppltnDataStus/selectPpltnDataStus
202605,3000000000,대전광역시,2900000000,광주광역시,99,50,49,11,5,6,19,9,10,42,22,20,14,8,6,5,2,3,8,4,4,sido,official_mois,ppltnDataStus/selectPpltnDataStus
202605,3000000000,대전광역시,3000000000,대전광역시,7972,3966,4006,618,286,332,866,395,471,3177,1649,1528,1566,793,773,893,472,421,852,371,481,sido,official_mois,ppltnDataStus/selectPpltnDataStus
202605,3000000000,대전광역시,3100000000,울산광역시,53,26,27,4,0,4,10,5,5,20,9,11,13,9,4,4,2,2,2,1,1,sido,official_mois,ppltnDataStus/selectPpltnDataStus
202605,3000000000,대전광역시,3600000000,세종특별자치시,445,234,211,42,25,17,42,21,21,203,111,92,67,38,29,47,21,26,44,18,26,sido,official_mois,ppltnDataStus/selectPpltnDataStus
202605,3000000000,대전광역시,4100000000,경기도,932,554,378,33,13,20,181,107,74,459,285,174,125,78,47,68,38,30,66,33,33,sido,official_mois,ppltnDataStus/selectPpltnDataStus
202605,3000000000,대전광역시,4300000000,충청북도,681,374,307,25,9,16,129,65,64,293,170,123,93,51,42,93,60,33,48,19,29,sido,official_mois,ppltnDataStus/selectPpltnDataStus
202605,3000000000,대전광역시,4400000000,충청남도,967,523,444,51,21,30,175,86,89,336,202,134,166,89,77,137,79,58,102,46,56,sido,official_mois,ppltnDataStus/selectPpltnDataStus
202605,3000000000,대전광역시,4600000000,전라남도,112,59,53,4,2,2,21,11,10,46,23,23,21,14,7,10,4,6,10,5,5,sido,official_mois,ppltnDataStus/selectPpltnDataStus
202605,3000000000,대전광역시,4700000000,경상북도,204,122,82,9,5,4,49,29,20,72,42,30,28,18,10,28,21,7,18,7,11,sido,official_mois,ppltnDataStus/selectPpltnDataStus
202605,3000000000,대전광역시,4800000000,경상남도,152,95,57,7,4,3,23,13,10,70,45,25,20,12,8,19,12,7,13,9,4,sido,official_mois,ppltnDataStus/selectPpltnDataStus
202605,3000000000,대전광역시,5000000000,제주특별자치도,38,24,14,1,1,0,9,6,3,15,8,7,6,5,1,6,3,3,1,1,0,sido,official_mois,ppltnDataStus/selectPpltnDataStus
202605,3000000000,대전광역시,5100000000,강원특별자치도,132,71,61,9,4,5,20,9,11,61,36,25,18,10,8,13,6,7,11,6,5,sido,official_mois,ppltnDataStus/selectPpltnDataStus
202605,3000000000,대전광역시,5200000000,전북특별자치도,258,126,132,7,5,2,70,31,39,96,47,49,35,18,17,28,13,15,22,12,10,sido,official_mois,ppltnDataStus/selectPpltnDataStus
202605,3100000000,울산광역시,1100000000,서울특별시,382,179,203,9,5,4,109,39,70,204,101,103,27,16,11,13,7,6,20,11,9,sido,official_mois,ppltnDataStus/selectPpltnDataStus
202605,3100000000,울산광역시,2600000000,부산광역시,758,440,318,34,19,15,168,82,86,345,227,118,97,60,37,50,32,18,64,20,44,sido,official_mois,ppltnDataStus/selectPpltnDataStus
202605,3100000000,울산광역시,2700000000,대구광역시,249,139,110,12,5,7,81,35,46,97,61,36,27,15,12,20,14,6,12,9,3,sido,official_mois,ppltnDataStus/selectPpltnDataStus
202605,3100000000,울산광역시,2800000000,인천광역시,97,55,42,9,4,5,23,13,10,41,24,17,12,7,5,5,5,0,7,2,5,sido,official_mois,ppltnDataStus/selectPpltnDataStus
202605,3100000000,울산광역시,2900000000,광주광역시,28,16,12,2,1,1,10,7,3,11,7,4,4,1,3,0,0,0,1,0,1,sido,official_mois,ppltnDataStus/selectPpltnDataStus
202605,3100000000,울산광역시,3000000000,대전광역시,89,48,41,1,1,0,30,17,13,36,18,18,9,7,2,5,2,3,8,3,5,sido,official_mois,ppltnDataStus/selectPpltnDataStus
202605,3100000000,울산광역시,3100000000,울산광역시,5397,2800,2597,523,280,243,441,225,216,2084,1120,964,1056,543,513,732,393,339,561,239,322,sido,official_mois,ppltnDataStus/selectPpltnDataStus
202605,3100000000,울산광역시,3600000000,세종특별자치시,28,14,14,3,2,1,6,4,2,7,4,3,7,3,4,4,1,3,1,0,1,sido,official_mois,ppltnDataStus/selectPpltnDataStus
202605,3100000000,울산광역시,4100000000,경기도,374,229,145,9,5,4,66,34,32,166,107,59,67,48,19,44,28,16,22,7,15,sido,official_mois,ppltnDataStus/selectPpltnDataStus
202605,3100000000,울산광역시,4300000000,충청북도,73,52,21,2,2,0,15,8,7,30,23,7,14,11,3,6,4,2,6,4,2,sido,official_mois,ppltnDataStus/selectPpltnDataStus
202605,3100000000,울산광역시,4400000000,충청남도,127,79,48,5,2,3,26,13,13,55,42,13,20,9,11,12,9,3,9,4,5,sido,official_mois,ppltnDataStus/selectPpltnDataStus
202605,3100000000,울산광역시,4600000000,전라남도,67,46,21,1,0,1,10,8,2,23,17,6,21,15,6,9,6,3,3,0,3,sido,official_mois,ppltnDataStus/selectPpltnDataStus
202605,3100000000,울산광역시,4700000000,경상북도,554,328,226,19,13,6,118,69,49,177,110,67,91,61,30,88,43,45,61,32,29,sido,official_mois,ppltnDataStus/selectPpltnDataStus
202605,3100000000,울산광역시,4800000000,경상남도,490,319,171,20,9,11,60,38,22,190,132,58,100,67,33,75,48,27,45,25,20,sido,official_mois,ppltnDataStus/selectPpltnDataStus
202605,3100000000,울산광역시,5000000000,제주특별자치도,48,28,20,3,0,3,10,6,4,24,15,9,5,3,2,5,3,2,1,1,0,sido,official_mois,ppltnDataStus/selectPpltnDataStus
202605,3100000000,울산광역시,5100000000,강원특별자치도,41,27,14,0,0,0,8,3,5,18,14,4,3,3,0,6,3,3,6,4,2,sido,official_mois,ppltnDataStus/selectPpltnDataStus
202605,3100000000,울산광역시,5200000000,전북특별자치도,38,27,11,2,0,2,8,5,3,14,11,3,7,6,1,3,2,1,4,3,1,sido,official_mois,ppltnDataStus/selectPpltnDataStus
202605,3600000000,세종특별자치시,1100000000,서울특별시,346,167,179,16,12,4,79,31,48,158,81,77,51,23,28,21,10,11,21,10,11,sido,official_mois,ppltnDataStus/selectPpltnDataStus
202605,3600000000,세종특별자치시,2600000000,부산광역시,47,21,26,3,0,3,12,5,7,22,13,9,6,2,4,3,1,2,1,0,1,sido,official_mois,ppltnDataStus/selectPpltnDataStus
202605,3600000000,세종특별자치시,2700000000,대구광역시,50,31,19,4,2,2,13,9,4,13,10,3,8,4,4,7,3,4,5,3,2,sido,official_mois,ppltnDataStus/selectPpltnDataStus
202605,3600000000,세종특별자치시,2800000000,인천광역시,53,28,25,3,2,1,17,7,10,20,12,8,10,5,5,1,1,0,2,1,1,sido,official_mois,ppltnDataStus/selectPpltnDataStus
202605,3600000000,세종특별자치시,2900000000,광주광역시,26,12,14,0,0,0,6,2,4,10,4,6,4,3,1,3,1,2,3,2,1,sido,official_mois,ppltnDataStus/selectPpltnDataStus
202605,3600000000,세종특별자치시,3000000000,대전광역시,465,246,219,34,18,16,72,27,45,154,86,68,100,62,38,47,28,19,58,25,33,sido,official_mois,ppltnDataStus/selectPpltnDataStus
202605,3600000000,세종특별자치시,3100000000,울산광역시,11,7,4,1,0,1,2,2,0,7,4,3,1,1,0,0,0,0,0,0,0,sido,official_mois,ppltnDataStus/selectPpltnDataStus
202605,3600000000,세종특별자치시,3600000000,세종특별자치시,1246,629,617,154,86,68,112,45,67,439,227,212,299,162,137,142,65,77,100,44,56,sido,official_mois,ppltnDataStus/selectPpltnDataStus
202605,3600000000,세종특별자치시,4100000000,경기도,353,166,187,31,12,19,73,31,42,121,58,63,68,37,31,35,20,15,25,8,17,sido,official_mois,ppltnDataStus/selectPpltnDataStus
202605,3600000000,세종특별자치시,4300000000,충청북도,302,158,144,16,8,8,35,16,19,105,54,51,71,43,28,42,17,25,33,20,13,sido,official_mois,ppltnDataStus/selectPpltnDataStus
202605,3600000000,세종특별자치시,4400000000,충청남도,309,163,146,21,10,11,44,16,28,109,61,48,66,37,29,39,27,12,30,12,18,sido,official_mois,ppltnDataStus/selectPpltnDataStus
202605,3600000000,세종특별자치시,4600000000,전라남도,35,17,18,3,3,0,7,2,5,10,5,5,9,3,6,5,3,2,1,1,0,sido,official_mois,ppltnDataStus/selectPpltnDataStus
202605,3600000000,세종특별자치시,4700000000,경상북도,59,30,29,3,2,1,17,9,8,18,8,10,7,4,3,12,7,5,2,0,2,sido,official_mois,ppltnDataStus/selectPpltnDataStus
202605,3600000000,세종특별자치시,4800000000,경상남도,53,30,23,2,2,0,8,4,4,19,11,8,12,7,5,6,3,3,6,3,3,sido,official_mois,ppltnDataStus/selectPpltnDataStus
202605,3600000000,세종특별자치시,5000000000,제주특별자치도,14,7,7,0,0,0,1,1,0,8,4,4,4,2,2,1,0,1,0,0,0,sido,official_mois,ppltnDataStus/selectPpltnDataStus
202605,3600000000,세종특별자치시,5100000000,강원특별자치도,29,16,13,4,2,2,2,0,2,7,3,4,10,7,3,2,2,0,4,2,2,sido,official_mois,ppltnDataStus/selectPpltnDataStus
202605,3600000000,세종특별자치시,5200000000,전북특별자치도,88,45,43,11,4,7,14,8,6,29,17,12,15,8,7,15,7,8,4,1,3,sido,official_mois,ppltnDataStus/selectPpltnDataStus
202605,4100000000,경기도,1100000000,서울특별시,18020,8858,9162,929,474,455,2301,967,1334,8492,4279,4213,2997,1613,1384,1606,779,827,1695,746,949,sido,official_mois,ppltnDataStus/selectPpltnDataStus
202605,4100000000,경기도,2600000000,부산광역시,917,528,389,47,24,23,176,101,75,379,233,146,170,100,70,74,41,33,71,29,42,sido,official_mois,ppltnDataStus/selectPpltnDataStus
202605,4100000000,경기도,2700000000,대구광역시,728,427,301,28,21,7,109,61,48,311,187,124,149,89,60,67,44,23,64,25,39,sido,official_mois,ppltnDataStus/selectPpltnDataStus
202605,4100000000,경기도,2800000000,인천광역시,5274,2826,2448,368,191,177,597,291,306,2190,1224,966,1023,583,440,592,308,284,504,229,275,sido,official_mois,ppltnDataStus/selectPpltnDataStus
202605,4100000000,경기도,2900000000,광주광역시,563,318,245,35,19,16,86,50,36,236,135,101,111,70,41,52,33,19,43,11,32,sido,official_mois,ppltnDataStus/selectPpltnDataStus
202605,4100000000,경기도,3000000000,대전광역시,1146,637,509,57,29,28,306,161,145,491,289,202,151,82,69,81,48,33,60,28,32,sido,official_mois,ppltnDataStus/selectPpltnDataStus
202605,4100000000,경기도,3100000000,울산광역시,284,169,115,18,8,10,41,17,24,128,79,49,58,43,15,23,16,7,16,6,10,sido,official_mois,ppltnDataStus/selectPpltnDataStus
202605,4100000000,경기도,3600000000,세종특별자치시,384,211,173,31,11,20,79,38,41,130,79,51,80,48,32,39,23,16,25,12,13,sido,official_mois,ppltnDataStus/selectPpltnDataStus
202605,4100000000,경기도,4100000000,경기도,89565,45895,43670,8359,4250,4109,8548,4153,4395,32689,17443,15246,18945,9948,8997,11056,5693,5363,9968,4408,5560,sido,official_mois,ppltnDataStus/selectPpltnDataStus
202605,4100000000,경기도,4300000000,충청북도,1886,1097,789,68,39,29,410,212,198,648,396,252,321,195,126,250,156,94,189,99,90,sido,official_mois,ppltnDataStus/selectPpltnDataStus
202605,4100000000,경기도,4400000000,충청남도,3089,1777,1312,156,95,61,533,281,252,987,617,370,601,370,231,432,237,195,380,177,203,sido,official_mois,ppltnDataStus/selectPpltnDataStus
202605,4100000000,경기도,4600000000,전라남도,898,501,397,44,24,20,87,48,39,271,162,109,179,101,78,163,91,72,154,75,79,sido,official_mois,ppltnDataStus/selectPpltnDataStus
202605,4100000000,경기도,4700000000,경상북도,1214,720,494,49,25,24,242,139,103,402,246,156,211,132,79,178,110,68,132,68,64,sido,official_mois,ppltnDataStus/selectPpltnDataStus
202605,4100000000,경기도,4800000000,경상남도,976,575,401,35,18,17,130,70,60,377,239,138,187,117,70,143,89,54,104,42,62,sido,official_mois,ppltnDataStus/selectPpltnDataStus
202605,4100000000,경기도,5000000000,제주특별자치도,561,306,255,43,28,15,69,33,36,181,96,85,135,77,58,84,49,35,49,23,26,sido,official_mois,ppltnDataStus/selectPpltnDataStus
202605,4100000000,경기도,5100000000,강원특별자치도,2027,1170,857,97,50,47,401,239,162,666,411,255,364,200,164,257,147,110,242,123,119,sido,official_mois,ppltnDataStus/selectPpltnDataStus
202605,4100000000,경기도,5200000000,전북특별자치도,942,536,406,40,24,16,126,70,56,294,185,109,145,90,55,196,112,84,141,55,86,sido,official_mois,ppltnDataStus/selectPpltnDataStus
202605,4300000000,충청북도,1100000000,서울특별시,835,433,402,22,8,14,233,101,132,372,216,156,85,46,39,62,35,27,61,27,34,sido,official_mois,ppltnDataStus/selectPpltnDataStus
202605,4300000000,충청북도,2600000000,부산광역시,134,82,52,1,0,1,29,17,12,64,39,25,19,13,6,12,8,4,9,5,4,sido,official_mois,ppltnDataStus/selectPpltnDataStus
202605,4300000000,충청북도,2700000000,대구광역시,135,74,61,10,5,5,37,16,21,54,30,24,16,11,5,11,9,2,7,3,4,sido,official_mois,ppltnDataStus/selectPpltnDataStus
202605,4300000000,충청북도,2800000000,인천광역시,224,122,102,9,6,3,45,17,28,105,63,42,34,23,11,14,9,5,17,4,13,sido,official_mois,ppltnDataStus/selectPpltnDataStus
202605,4300000000,충청북도,2900000000,광주광역시,70,44,26,1,1,0,19,10,9,31,21,10,10,8,2,5,1,4,4,3,1,sido,official_mois,ppltnDataStus/selectPpltnDataStus
202605,4300000000,충청북도,3000000000,대전광역시,597,306,291,17,12,5,196,75,121,226,133,93,62,35,27,45,25,20,51,26,25,sido,official_mois,ppltnDataStus/selectPpltnDataStus
202605,4300000000,충청북도,3100000000,울산광역시,65,45,20,5,4,1,11,5,6,28,22,6,16,12,4,4,2,2,1,0,1,sido,official_mois,ppltnDataStus/selectPpltnDataStus
202605,4300000000,충청북도,3600000000,세종특별자치시,235,123,112,24,11,13,26,15,11,86,49,37,54,28,26,28,12,16,17,8,9,sido,official_mois,ppltnDataStus/selectPpltnDataStus
202605,4300000000,충청북도,4100000000,경기도,1484,860,624,51,29,22,276,131,145,576,372,204,266,167,99,144,81,63,171,80,91,sido,official_mois,ppltnDataStus/selectPpltnDataStus
202605,4300000000,충청북도,4300000000,충청북도,8897,4633,4264,807,428,379,1054,506,548,3075,1678,1397,1842,954,888,1173,624,549,946,443,503,sido,official_mois,ppltnDataStus/selectPpltnDataStus
202605,4300000000,충청북도,4400000000,충청남도,527,283,244,21,6,15,109,51,58,233,138,95,74,40,34,55,32,23,35,16,19,sido,official_mois,ppltnDataStus/selectPpltnDataStus
202605,4300000000,충청북도,4600000000,전라남도,82,41,41,6,2,4,10,3,7,27,15,12,12,6,6,13,9,4,14,6,8,sido,official_mois,ppltnDataStus/selectPpltnDataStus
202605,4300000000,충청북도,4700000000,경상북도,281,169,112,15,9,6,65,35,30,90,61,29,47,32,15,37,20,17,27,12,15,sido,official_mois,ppltnDataStus/selectPpltnDataStus
202605,4300000000,충청북도,4800000000,경상남도,156,94,62,4,0,4,31,19,12,65,39,26,24,17,7,14,11,3,18,8,10,sido,official_mois,ppltnDataStus/selectPpltnDataStus
202605,4300000000,충청북도,5000000000,제주특별자치도,49,25,24,2,1,1,7,5,2,14,4,10,12,7,5,9,4,5,5,4,1,sido,official_mois,ppltnDataStus/selectPpltnDataStus
202605,4300000000,충청북도,5100000000,강원특별자치도,262,138,124,6,4,2,62,27,35,89,51,38,36,15,21,42,24,18,27,17,10,sido,official_mois,ppltnDataStus/selectPpltnDataStus
202605,4300000000,충청북도,5200000000,전북특별자치도,163,100,63,5,4,1,43,21,22,63,41,22,22,15,7,14,12,2,16,7,9,sido,official_mois,ppltnDataStus/selectPpltnDataStus
202605,4400000000,충청남도,1100000000,서울특별시,1188,572,616,29,19,10,304,116,188,471,251,220,146,73,73,115,56,59,123,57,66,sido,official_mois,ppltnDataStus/selectPpltnDataStus
202605,4400000000,충청남도,2600000000,부산광역시,155,91,64,9,6,3,34,22,12,53,35,18,36,18,18,16,7,9,7,3,4,sido,official_mois,ppltnDataStus/selectPpltnDataStus
202605,4400000000,충청남도,2700000000,대구광역시,130,77,53,6,4,2,27,15,12,64,43,21,14,8,6,8,3,5,11,4,7,sido,official_mois,ppltnDataStus/selectPpltnDataStus
202605,4400000000,충청남도,2800000000,인천광역시,537,309,228,23,16,7,121,65,56,178,108,70,87,53,34,71,34,37,57,33,24,sido,official_mois,ppltnDataStus/selectPpltnDataStus
202605,4400000000,충청남도,2900000000,광주광역시,122,77,45,6,5,1,28,17,11,46,29,17,25,17,8,14,7,7,3,2,1,sido,official_mois,ppltnDataStus/selectPpltnDataStus
202605,4400000000,충청남도,3000000000,대전광역시,1007,554,453,39,23,16,309,142,167,375,237,138,125,74,51,79,41,38,80,37,43,sido,official_mois,ppltnDataStus/selectPpltnDataStus
202605,4400000000,충청남도,3100000000,울산광역시,94,59,35,5,4,1,16,12,4,43,29,14,18,8,10,6,3,3,6,3,3,sido,official_mois,ppltnDataStus/selectPpltnDataStus
202605,4400000000,충청남도,3600000000,세종특별자치시,249,126,123,22,15,7,32,19,13,100,50,50,56,28,28,18,7,11,21,7,14,sido,official_mois,ppltnDataStus/selectPpltnDataStus
202605,4400000000,충청남도,4100000000,경기도,2420,1403,1017,121,62,59,418,200,218,965,617,348,447,277,170,236,137,99,233,110,123,sido,official_mois,ppltnDataStus/selectPpltnDataStus
202605,4400000000,충청남도,4300000000,충청북도,569,312,257,28,17,11,157,75,82,206,130,76,96,52,44,43,22,21,39,16,23,sido,official_mois,ppltnDataStus/selectPpltnDataStus
202605,4400000000,충청남도,4400000000,충청남도,10385,5520,4865,953,494,459,1263,614,649,3323,1916,1407,2305,1258,1047,1386,725,661,1155,513,642,sido,official_mois,ppltnDataStus/selectPpltnDataStus
202605,4400000000,충청남도,4600000000,전라남도,180,104,76,6,3,3,30,18,12,64,37,27,27,19,8,34,15,19,19,12,7,sido,official_mois,ppltnDataStus/selectPpltnDataStus
202605,4400000000,충청남도,4700000000,경상북도,260,154,106,10,4,6,53,25,28,93,61,32,51,34,17,30,18,12,23,12,11,sido,official_mois,ppltnDataStus/selectPpltnDataStus
202605,4400000000,충청남도,4800000000,경상남도,236,145,91,15,7,8,42,23,19,80,55,25,46,35,11,37,19,18,16,6,10,sido,official_mois,ppltnDataStus/selectPpltnDataStus
202605,4400000000,충청남도,5000000000,제주특별자치도,79,40,39,1,1,0,12,3,9,33,24,9,16,8,8,6,2,4,11,2,9,sido,official_mois,ppltnDataStus/selectPpltnDataStus
202605,4400000000,충청남도,5100000000,강원특별자치도,226,122,104,13,6,7,37,19,18,71,48,23,55,33,22,19,6,13,31,10,21,sido,official_mois,ppltnDataStus/selectPpltnDataStus
202605,4400000000,충청남도,5200000000,전북특별자치도,400,233,167,14,7,7,107,58,49,114,73,41,77,48,29,56,33,23,32,14,18,sido,official_mois,ppltnDataStus/selectPpltnDataStus
202605,4600000000,전라남도,1100000000,서울특별시,693,333,360,13,6,7,191,86,105,270,135,135,74,41,33,75,35,40,70,30,40,sido,official_mois,ppltnDataStus/selectPpltnDataStus
202605,4600000000,전라남도,2600000000,부산광역시,197,113,84,7,4,3,64,30,34,66,45,21,25,16,9,22,10,12,13,8,5,sido,official_mois,ppltnDataStus/selectPpltnDataStus
202605,4600000000,전라남도,2700000000,대구광역시,80,48,32,2,1,1,25,12,13,31,21,10,9,6,3,8,5,3,5,3,2,sido,official_mois,ppltnDataStus/selectPpltnDataStus
202605,4600000000,전라남도,2800000000,인천광역시,187,89,98,7,5,2,43,18,25,60,28,32,37,24,13,16,8,8,24,6,18,sido,official_mois,ppltnDataStus/selectPpltnDataStus
202605,4600000000,전라남도,2900000000,광주광역시,2012,1033,979,124,67,57,442,179,263,707,398,309,334,181,153,190,115,75,215,93,122,sido,official_mois,ppltnDataStus/selectPpltnDataStus
202605,4600000000,전라남도,3000000000,대전광역시,154,77,77,7,4,3,59,26,33,48,23,25,20,12,8,11,7,4,9,5,4,sido,official_mois,ppltnDataStus/selectPpltnDataStus
202605,4600000000,전라남도,3100000000,울산광역시,67,49,18,0,0,0,8,6,2,31,24,7,11,8,3,6,6,0,11,5,6,sido,official_mois,ppltnDataStus/selectPpltnDataStus
202605,4600000000,전라남도,3600000000,세종특별자치시,31,15,16,3,1,2,11,5,6,6,4,2,8,4,4,3,1,2,0,0,0,sido,official_mois,ppltnDataStus/selectPpltnDataStus
202605,4600000000,전라남도,4100000000,경기도,883,482,401,38,21,17,156,87,69,346,208,138,137,80,57,97,52,45,109,34,75,sido,official_mois,ppltnDataStus/selectPpltnDataStus
202605,4600000000,전라남도,4300000000,충청북도,131,84,47,7,5,2,32,20,12,63,42,21,19,13,6,4,2,2,6,2,4,sido,official_mois,ppltnDataStus/selectPpltnDataStus
202605,4600000000,전라남도,4400000000,충청남도,217,125,92,11,9,2,48,22,26,87,56,31,35,21,14,23,14,9,13,3,10,sido,official_mois,ppltnDataStus/selectPpltnDataStus
202605,4600000000,전라남도,4600000000,전라남도,7496,3920,3576,715,348,367,821,419,402,2250,1213,1037,1642,882,760,1088,600,488,980,458,522,sido,official_mois,ppltnDataStus/selectPpltnDataStus
202605,4600000000,전라남도,4700000000,경상북도,109,68,41,2,1,1,24,15,9,38,28,10,21,10,11,12,7,5,12,7,5,sido,official_mois,ppltnDataStus/selectPpltnDataStus
202605,4600000000,전라남도,4800000000,경상남도,255,178,77,9,6,3,61,45,16,78,61,17,47,31,16,34,21,13,26,14,12,sido,official_mois,ppltnDataStus/selectPpltnDataStus
202605,4600000000,전라남도,5000000000,제주특별자치도,83,49,34,4,1,3,12,6,6,24,13,11,24,19,5,9,4,5,10,6,4,sido,official_mois,ppltnDataStus/selectPpltnDataStus
202605,4600000000,전라남도,5100000000,강원특별자치도,87,49,38,4,1,3,12,9,3,38,23,15,16,10,6,14,5,9,3,1,2,sido,official_mois,ppltnDataStus/selectPpltnDataStus
202605,4600000000,전라남도,5200000000,전북특별자치도,345,177,168,11,10,1,99,38,61,97,61,36,56,28,28,35,20,15,47,20,27,sido,official_mois,ppltnDataStus/selectPpltnDataStus
202605,4700000000,경상북도,1100000000,서울특별시,924,464,460,20,14,6,268,102,166,385,217,168,79,39,40,77,41,36,95,51,44,sido,official_mois,ppltnDataStus/selectPpltnDataStus
202605,4700000000,경상북도,2600000000,부산광역시,655,361,294,22,14,8,177,77,100,231,134,97,101,62,39,61,40,21,63,34,29,sido,official_mois,ppltnDataStus/selectPpltnDataStus
202605,4700000000,경상북도,2700000000,대구광역시,3219,1685,1534,231,134,97,758,347,411,1160,664,496,512,267,245,281,149,132,277,124,153,sido,official_mois,ppltnDataStus/selectPpltnDataStus
202605,4700000000,경상북도,2800000000,인천광역시,235,148,87,6,2,4,53,31,22,92,66,26,34,25,9,20,12,8,30,12,18,sido,official_mois,ppltnDataStus/selectPpltnDataStus
202605,4700000000,경상북도,2900000000,광주광역시,65,40,25,1,1,0,13,4,9,35,26,9,8,4,4,4,3,1,4,2,2,sido,official_mois,ppltnDataStus/selectPpltnDataStus
202605,4700000000,경상북도,3000000000,대전광역시,262,140,122,4,2,2,90,38,52,108,67,41,32,23,9,16,7,9,12,3,9,sido,official_mois,ppltnDataStus/selectPpltnDataStus
202605,4700000000,경상북도,3100000000,울산광역시,455,250,205,29,15,14,66,34,32,175,109,66,81,48,33,39,20,19,65,24,41,sido,official_mois,ppltnDataStus/selectPpltnDataStus
202605,4700000000,경상북도,3600000000,세종특별자치시,58,30,28,5,4,1,12,5,7,16,8,8,19,10,9,6,3,3,0,0,0,sido,official_mois,ppltnDataStus/selectPpltnDataStus
202605,4700000000,경상북도,4100000000,경기도,1267,752,515,55,35,20,283,154,129,477,311,166,210,125,85,125,75,50,117,52,65,sido,official_mois,ppltnDataStus/selectPpltnDataStus
202605,4700000000,경상북도,4300000000,충청북도,339,195,144,11,6,5,97,50,47,133,84,49,48,32,16,29,12,17,21,11,10,sido,official_mois,ppltnDataStus/selectPpltnDataStus
202605,4700000000,경상북도,4400000000,충청남도,308,178,130,13,9,4,70,33,37,130,81,49,47,26,21,25,18,7,23,11,12,sido,official_mois,ppltnDataStus/selectPpltnDataStus
202605,4700000000,경상북도,4600000000,전라남도,107,74,33,3,3,0,20,16,4,33,25,8,26,15,11,16,8,8,9,7,2,sido,official_mois,ppltnDataStus/selectPpltnDataStus
202605,4700000000,경상북도,4700000000,경상북도,10737,5697,5040,909,480,429,1436,787,649,3344,1879,1465,2158,1142,1016,1539,816,723,1351,593,758,sido,official_mois,ppltnDataStus/selectPpltnDataStus
202605,4700000000,경상북도,4800000000,경상남도,576,335,241,34,18,16,113,65,48,199,121,78,105,71,34,71,40,31,54,20,34,sido,official_mois,ppltnDataStus/selectPpltnDataStus
202605,4700000000,경상북도,5000000000,제주특별자치도,78,42,36,4,2,2,10,6,4,29,18,11,19,7,12,11,6,5,5,3,2,sido,official_mois,ppltnDataStus/selectPpltnDataStus
202605,4700000000,경상북도,5100000000,강원특별자치도,218,128,90,6,3,3,58,33,25,61,39,22,38,18,20,35,21,14,20,14,6,sido,official_mois,ppltnDataStus/selectPpltnDataStus
202605,4700000000,경상북도,5200000000,전북특별자치도,92,51,41,2,1,1,21,12,9,30,14,16,20,13,7,10,5,5,9,6,3,sido,official_mois,ppltnDataStus/selectPpltnDataStus
202605,4800000000,경상남도,1100000000,서울특별시,930,473,457,24,12,12,272,112,160,423,236,187,92,54,38,56,29,27,63,30,33,sido,official_mois,ppltnDataStus/selectPpltnDataStus
202605,4800000000,경상남도,2600000000,부산광역시,2861,1493,1368,105,55,50,751,352,399,1028,572,456,449,260,189,276,146,130,252,108,144,sido,official_mois,ppltnDataStus/selectPpltnDataStus
202605,4800000000,경상남도,2700000000,대구광역시,628,322,306,32,19,13,177,77,100,248,137,111,79,43,36,54,32,22,38,14,24,sido,official_mois,ppltnDataStus/selectPpltnDataStus
202605,4800000000,경상남도,2800000000,인천광역시,207,126,81,9,3,6,55,34,21,91,59,32,25,19,6,11,4,7,16,7,9,sido,official_mois,ppltnDataStus/selectPpltnDataStus
202605,4800000000,경상남도,2900000000,광주광역시,96,57,39,9,6,3,19,10,9,37,24,13,18,10,8,7,4,3,6,3,3,sido,official_mois,ppltnDataStus/selectPpltnDataStus
202605,4800000000,경상남도,3000000000,대전광역시,192,94,98,10,7,3,61,20,41,86,47,39,15,9,6,11,8,3,9,3,6,sido,official_mois,ppltnDataStus/selectPpltnDataStus
202605,4800000000,경상남도,3100000000,울산광역시,432,251,181,15,8,7,70,38,32,186,109,77,80,57,23,43,25,18,38,14,24,sido,official_mois,ppltnDataStus/selectPpltnDataStus
202605,4800000000,경상남도,3600000000,세종특별자치시,64,32,32,8,4,4,15,4,11,24,14,10,11,9,2,5,0,5,1,1,0,sido,official_mois,ppltnDataStus/selectPpltnDataStus
202605,4800000000,경상남도,4100000000,경기도,1120,658,462,49,29,20,245,137,108,478,289,189,158,112,46,90,45,45,100,46,54,sido,official_mois,ppltnDataStus/selectPpltnDataStus
202605,4800000000,경상남도,4300000000,충청북도,197,125,72,10,5,5,48,20,28,67,47,20,41,32,9,25,18,7,6,3,3,sido,official_mois,ppltnDataStus/selectPpltnDataStus
202605,4800000000,경상남도,4400000000,충청남도,273,154,119,23,11,12,56,24,32,105,69,36,48,31,17,23,13,10,18,6,12,sido,official_mois,ppltnDataStus/selectPpltnDataStus
202605,4800000000,경상남도,4600000000,전라남도,241,154,87,4,2,2,36,21,15,82,59,23,58,37,21,32,20,12,29,15,14,sido,official_mois,ppltnDataStus/selectPpltnDataStus
202605,4800000000,경상남도,4700000000,경상북도,656,392,264,37,19,18,182,100,82,223,139,84,103,68,35,58,35,23,53,31,22,sido,official_mois,ppltnDataStus/selectPpltnDataStus
202605,4800000000,경상남도,4800000000,경상남도,15066,7986,7080,1159,591,568,1758,925,833,4739,2646,2093,3208,1764,1444,2233,1154,1079,1969,906,1063,sido,official_mois,ppltnDataStus/selectPpltnDataStus
202605,4800000000,경상남도,5000000000,제주특별자치도,100,50,50,7,3,4,17,6,11,31,19,12,25,12,13,16,8,8,4,2,2,sido,official_mois,ppltnDataStus/selectPpltnDataStus
202605,4800000000,경상남도,5100000000,강원특별자치도,153,88,65,10,9,1,25,15,10,57,31,26,21,13,8,21,10,11,19,10,9,sido,official_mois,ppltnDataStus/selectPpltnDataStus
202605,4800000000,경상남도,5200000000,전북특별자치도,119,74,45,3,1,2,23,16,7,42,30,12,24,13,11,10,5,5,17,9,8,sido,official_mois,ppltnDataStus/selectPpltnDataStus
202605,5000000000,제주특별자치도,1100000000,서울특별시,585,279,306,28,9,19,137,52,85,213,112,101,96,52,44,68,33,35,43,21,22,sido,official_mois,ppltnDataStus/selectPpltnDataStus
202605,5000000000,제주특별자치도,2600000000,부산광역시,182,88,94,6,4,2,46,20,26,60,31,29,35,17,18,16,10,6,19,6,13,sido,official_mois,ppltnDataStus/selectPpltnDataStus
202605,5000000000,제주특별자치도,2700000000,대구광역시,98,48,50,9,6,3,18,7,11,28,16,12,20,10,10,13,5,8,10,4,6,sido,official_mois,ppltnDataStus/selectPpltnDataStus
202605,5000000000,제주특별자치도,2800000000,인천광역시,121,67,54,5,4,1,23,8,15,46,28,18,25,14,11,13,9,4,9,4,5,sido,official_mois,ppltnDataStus/selectPpltnDataStus
202605,5000000000,제주특별자치도,2900000000,광주광역시,97,60,37,9,6,3,15,11,4,37,23,14,24,12,12,8,6,2,4,2,2,sido,official_mois,ppltnDataStus/selectPpltnDataStus
202605,5000000000,제주특별자치도,3000000000,대전광역시,60,38,22,4,2,2,10,6,4,24,15,9,11,8,3,5,3,2,6,4,2,sido,official_mois,ppltnDataStus/selectPpltnDataStus
202605,5000000000,제주특별자치도,3100000000,울산광역시,37,22,15,0,0,0,4,3,1,15,10,5,8,5,3,8,3,5,2,1,1,sido,official_mois,ppltnDataStus/selectPpltnDataStus
202605,5000000000,제주특별자치도,3600000000,세종특별자치시,28,17,11,0,0,0,2,2,0,6,3,3,9,5,4,9,6,3,2,1,1,sido,official_mois,ppltnDataStus/selectPpltnDataStus
202605,5000000000,제주특별자치도,4100000000,경기도,530,261,269,19,12,7,89,40,49,200,101,99,100,54,46,69,33,36,53,21,32,sido,official_mois,ppltnDataStus/selectPpltnDataStus
202605,5000000000,제주특별자치도,4300000000,충청북도,76,38,38,3,2,1,17,8,9,29,15,14,8,5,3,13,7,6,6,1,5,sido,official_mois,ppltnDataStus/selectPpltnDataStus
202605,5000000000,제주특별자치도,4400000000,충청남도,97,53,44,8,4,4,14,10,4,28,15,13,25,13,12,12,6,6,10,5,5,sido,official_mois,ppltnDataStus/selectPpltnDataStus
202605,5000000000,제주특별자치도,4600000000,전라남도,86,48,38,6,1,5,18,9,9,22,11,11,11,10,1,20,12,8,9,5,4,sido,official_mois,ppltnDataStus/selectPpltnDataStus
202605,5000000000,제주특별자치도,4700000000,경상북도,96,62,34,8,5,3,25,16,9,29,18,11,13,8,5,9,7,2,12,8,4,sido,official_mois,ppltnDataStus/selectPpltnDataStus
202605,5000000000,제주특별자치도,4800000000,경상남도,122,64,58,5,5,0,21,8,13,39,22,17,29,17,12,19,10,9,9,2,7,sido,official_mois,ppltnDataStus/selectPpltnDataStus
202605,5000000000,제주특별자치도,5000000000,제주특별자치도,3625,1848,1777,358,194,164,344,163,181,1303,666,637,827,434,393,446,232,214,347,159,188,sido,official_mois,ppltnDataStus/selectPpltnDataStus
202605,5000000000,제주특별자치도,5100000000,강원특별자치도,58,31,27,5,4,1,4,1,3,25,15,10,12,5,7,5,3,2,7,3,4,sido,official_mois,ppltnDataStus/selectPpltnDataStus
202605,5000000000,제주특별자치도,5200000000,전북특별자치도,87,47,40,6,1,5,18,13,5,24,15,9,16,8,8,14,6,8,9,4,5,sido,official_mois,ppltnDataStus/selectPpltnDataStus
202605,5100000000,강원특별자치도,1100000000,서울특별시,1097,576,521,31,18,13,263,128,135,473,274,199,129,66,63,92,41,51,109,49,60,sido,official_mois,ppltnDataStus/selectPpltnDataStus
202605,5100000000,강원특별자치도,2600000000,부산광역시,127,75,52,3,1,2,22,10,12,72,49,23,10,6,4,13,7,6,7,2,5,sido,official_mois,ppltnDataStus/selectPpltnDataStus
202605,5100000000,강원특별자치도,2700000000,대구광역시,135,66,69,8,4,4,31,16,15,49,26,23,23,13,10,17,7,10,7,0,7,sido,official_mois,ppltnDataStus/selectPpltnDataStus
202605,5100000000,강원특별자치도,2800000000,인천광역시,273,146,127,12,4,8,65,33,32,94,55,39,38,20,18,27,14,13,37,20,17,sido,official_mois,ppltnDataStus/selectPpltnDataStus
202605,5100000000,강원특별자치도,2900000000,광주광역시,56,38,18,5,4,1,11,7,4,23,15,8,10,6,4,4,4,0,3,2,1,sido,official_mois,ppltnDataStus/selectPpltnDataStus
202605,5100000000,강원특별자치도,3000000000,대전광역시,170,97,73,11,5,6,44,24,20,71,43,28,22,14,8,15,6,9,7,5,2,sido,official_mois,ppltnDataStus/selectPpltnDataStus
202605,5100000000,강원특별자치도,3100000000,울산광역시,37,20,17,0,0,0,9,4,5,10,7,3,8,6,2,5,1,4,5,2,3,sido,official_mois,ppltnDataStus/selectPpltnDataStus
202605,5100000000,강원특별자치도,3600000000,세종특별자치시,38,19,19,3,2,1,6,3,3,16,7,9,6,3,3,6,4,2,1,0,1,sido,official_mois,ppltnDataStus/selectPpltnDataStus
202605,5100000000,강원특별자치도,4100000000,경기도,1685,900,785,104,55,49,279,128,151,624,373,251,286,152,134,176,97,79,216,95,121,sido,official_mois,ppltnDataStus/selectPpltnDataStus
202605,5100000000,강원특별자치도,4300000000,충청북도,289,161,128,6,5,1,62,25,37,100,61,39,51,31,20,33,19,14,37,20,17,sido,official_mois,ppltnDataStus/selectPpltnDataStus
202605,5100000000,강원특별자치도,4400000000,충청남도,211,127,84,15,8,7,40,20,20,74,49,25,34,22,12,19,14,5,29,14,15,sido,official_mois,ppltnDataStus/selectPpltnDataStus
202605,5100000000,강원특별자치도,4600000000,전라남도,74,49,25,4,3,1,2,2,0,22,13,9,20,16,4,9,5,4,17,10,7,sido,official_mois,ppltnDataStus/selectPpltnDataStus
202605,5100000000,강원특별자치도,4700000000,경상북도,233,133,100,4,2,2,60,32,28,60,38,22,49,27,22,42,26,16,18,8,10,sido,official_mois,ppltnDataStus/selectPpltnDataStus
202605,5100000000,강원특별자치도,4800000000,경상남도,119,84,35,2,1,1,21,16,5,41,31,10,25,18,7,18,9,9,12,9,3,sido,official_mois,ppltnDataStus/selectPpltnDataStus
202605,5100000000,강원특별자치도,5000000000,제주특별자치도,48,24,24,2,1,1,7,3,4,9,5,4,19,10,9,5,3,2,6,2,4,sido,official_mois,ppltnDataStus/selectPpltnDataStus
202605,5100000000,강원특별자치도,5100000000,강원특별자치도,7769,4033,3736,679,336,343,1011,525,486,2371,1308,1063,1553,819,734,1111,586,525,1044,459,585,sido,official_mois,ppltnDataStus/selectPpltnDataStus
202605,5100000000,강원특별자치도,5200000000,전북특별자치도,82,43,39,5,3,2,17,11,6,32,18,14,14,6,8,11,5,6,3,0,3,sido,official_mois,ppltnDataStus/selectPpltnDataStus
202605,5200000000,전북특별자치도,1100000000,서울특별시,800,415,385,14,8,6,195,91,104,361,201,160,101,55,46,57,31,26,72,29,43,sido,official_mois,ppltnDataStus/selectPpltnDataStus
202605,5200000000,전북특별자치도,2600000000,부산광역시,113,66,47,9,4,5,34,20,14,39,25,14,13,6,7,6,4,2,12,7,5,sido,official_mois,ppltnDataStus/selectPpltnDataStus
202605,5200000000,전북특별자치도,2700000000,대구광역시,56,32,24,3,2,1,18,11,7,25,12,13,7,6,1,0,0,0,3,1,2,sido,official_mois,ppltnDataStus/selectPpltnDataStus
202605,5200000000,전북특별자치도,2800000000,인천광역시,204,110,94,9,6,3,51,26,25,76,43,33,19,6,13,24,19,5,25,10,15,sido,official_mois,ppltnDataStus/selectPpltnDataStus
202605,5200000000,전북특별자치도,2900000000,광주광역시,475,243,232,24,15,9,146,71,75,197,94,103,61,39,22,26,10,16,21,14,7,sido,official_mois,ppltnDataStus/selectPpltnDataStus
202605,5200000000,전북특별자치도,3000000000,대전광역시,353,175,178,13,6,7,123,54,69,136,72,64,38,20,18,26,12,14,17,11,6,sido,official_mois,ppltnDataStus/selectPpltnDataStus
202605,5200000000,전북특별자치도,3100000000,울산광역시,46,30,16,3,2,1,5,3,2,17,13,4,8,6,2,8,5,3,5,1,4,sido,official_mois,ppltnDataStus/selectPpltnDataStus
202605,5200000000,전북특별자치도,3600000000,세종특별자치시,67,41,26,1,1,0,17,11,6,24,15,9,8,6,2,6,2,4,11,6,5,sido,official_mois,ppltnDataStus/selectPpltnDataStus
202605,5200000000,전북특별자치도,4100000000,경기도,982,550,432,61,33,28,173,90,83,387,237,150,164,98,66,95,52,43,102,40,62,sido,official_mois,ppltnDataStus/selectPpltnDataStus
202605,5200000000,전북특별자치도,4300000000,충청북도,183,109,74,7,3,4,56,30,26,74,45,29,27,19,8,13,9,4,6,3,3,sido,official_mois,ppltnDataStus/selectPpltnDataStus
202605,5200000000,전북특별자치도,4400000000,충청남도,424,230,194,23,10,13,94,49,45,136,81,55,85,53,32,45,22,23,41,15,26,sido,official_mois,ppltnDataStus/selectPpltnDataStus
202605,5200000000,전북특별자치도,4600000000,전라남도,273,150,123,11,9,2,55,32,23,101,61,40,43,16,27,39,21,18,24,11,13,sido,official_mois,ppltnDataStus/selectPpltnDataStus
202605,5200000000,전북특별자치도,4700000000,경상북도,120,64,56,6,2,4,37,18,19,39,23,16,23,16,7,9,3,6,6,2,4,sido,official_mois,ppltnDataStus/selectPpltnDataStus
202605,5200000000,전북특별자치도,4800000000,경상남도,124,82,42,4,3,1,27,19,8,49,30,19,26,18,8,7,5,2,11,7,4,sido,official_mois,ppltnDataStus/selectPpltnDataStus
202605,5200000000,전북특별자치도,5000000000,제주특별자치도,46,23,23,3,1,2,5,3,2,15,6,9,16,9,7,4,2,2,3,2,1,sido,official_mois,ppltnDataStus/selectPpltnDataStus
202605,5200000000,전북특별자치도,5100000000,강원특별자치도,95,56,39,4,3,1,15,7,8,44,28,16,20,12,8,4,4,0,8,2,6,sido,official_mois,ppltnDataStus/selectPpltnDataStus
202605,5200000000,전북특별자치도,5200000000,전북특별자치도,9713,5052,4661,826,425,401,1130,544,586,3103,1637,1466,2051,1108,943,1373,754,619,1230,584,646,sido,official_mois,ppltnDataStus/selectPpltnDataStus
